nvme1n1,write,64,128k,0,0,0,0.00MB,0.00MB,0MB,,,
nvme1n1,write,64,128k,0,0,0,0.00MB,0.00MB,0MB,,,
nvme1n1,read,64,128k,0,0,0,0.00MB,0.00MB,0MB,,,
nvme1n1,read,1,16m,0,0,0,0.00MB,0.00MB,0MB,,,
nvme1n1,read,2,16m,0,0,0,0.00MB,0.00MB,0MB,,,
nvme1n1,read,4,16m,0,0,0,0.00MB,0.00MB,0MB,,,
nvme1n1,read,8,16m,0,0,0,0.00MB,0.00MB,0MB,,,
nvme1n1,read,16,16m,0,0,0,0.00MB,0.00MB,0MB,,,
nvme1n1,read,32,16m,0,0,0,0.00MB,0.00MB,0MB,,,
nvme1n1,read,64,16m,0,0,0,0.00MB,0.00MB,0MB,,,
nvme1n1,read,128,16m,0,0,0,0.00MB,0.00MB,0MB,,,
nvme1n1,write,1,16m,0,0,0,0.00MB,0.00MB,0MB,,,
nvme1n1,write,2,16m,0,0,0,0.00MB,0.00MB,0MB,,,
nvme1n1,write,4,16m,0,0,0,0.00MB,0.00MB,0MB,,,
